{"cameraMode":{"drawMode":0,"name":"Shaded","section":"Shading Mode"},"sceneLighting":false,"audioPlay":false,"sceneViewState":{"showFog":true,"showMaterialUpdate":false,"showSkybox":false,"showFlares":true,"showImageEffects":true,"showParticleSystems":true},"in2DMode":false,"pivot":{"x":-0.20278708636760713,"y":0.7539644241333008,"z":-0.5695368051528931},"rotation":{"x":0.028622541576623918,"y":-0.9409793615341187,"z":0.3270470201969147,"w":0.08235297352075577},"size":2.730478525161743,"orthographic":false}