{"cameraMode":{"drawMode":0,"name":"Shaded","section":"Shading Mode"},"sceneLighting":false,"audioPlay":false,"sceneViewState":{"showFog":true,"showMaterialUpdate":false,"showSkybox":false,"showFlares":true,"showImageEffects":true,"showParticleSystems":true},"in2DMode":false,"pivot":{"x":2.0989999771118166,"y":0.6689071655273438,"z":4.749000072479248},"rotation":{"x":0.028622541576623918,"y":-0.9409793615341187,"z":0.3270470201969147,"w":0.08235297352075577},"size":2.857893466949463,"orthographic":false}