{"cameraMode":{"drawMode":0,"name":"Shaded","section":"Shading Mode"},"sceneLighting":true,"audioPlay":false,"sceneViewState":{"showFog":true,"showMaterialUpdate":true,"showSkybox":true,"showFlares":true,"showImageEffects":true,"showParticleSystems":true},"in2DMode":false,"pivot":{"x":-18.973398208618165,"y":32.70249938964844,"z":32.173683166503909},"rotation":{"x":-0.3469422459602356,"y":0.010091351345181466,"z":-0.0038164001889526846,"w":-0.9378900527954102},"size":22.80453872680664,"orthographic":false}