{"cameraMode":{"drawMode":0,"name":"Shaded","section":"Shading Mode"},"sceneLighting":false,"audioPlay":false,"sceneViewState":{"showFog":true,"showMaterialUpdate":true,"showSkybox":false,"showFlares":true,"showImageEffects":true,"showParticleSystems":true},"in2DMode":false,"pivot":{"x":0.23317530751228333,"y":1.2180334329605103,"z":-0.23750939965248109},"rotation":{"x":-0.3469422459602356,"y":0.010091351345181466,"z":-0.0038164001889526846,"w":-0.9378900527954102},"size":4.2787885665893559,"orthographic":false}