{"cameraMode":{"drawMode":0,"name":"Shaded","section":"Shading Mode"},"sceneLighting":false,"audioPlay":false,"sceneViewState":{"showFog":false,"showMaterialUpdate":false,"showSkybox":false,"showFlares":true,"showImageEffects":true,"showParticleSystems":true},"in2DMode":false,"pivot":{"x":-0.20735478401184083,"y":1.6370716094970704,"z":-3.137876033782959},"rotation":{"x":-0.22666962444782258,"y":-0.5473108291625977,"z":0.1569434553384781,"w":-0.7902535796165466},"size":14.261022567749024,"orthographic":false}